Genotype,CA,HR
Gladius,1,2.809039536
Chara,1,3.426892322
Kukri,5,2.326170315
Alsen,7,1.784473487
CDC Teal,10,1.343969822
AAC Brandon,10,1.068038828