Genotype,CA,LA
Gladius,1,17.62636429
Chara,1,21.685542
Kukri,5,24.92318996
Alsen,7,37.91479653
CDC Teal,10,96.36788253
AAC Brandon,10,52.43220265